{
 "baseline_count": 2396098,
 "baseline_ts": 1783616999.4909155,
 "rate_per_sec": 0.2188,
 "verified_actual_count": 2396098,
 "last_reconcile_ts": 1783616999.506675,
 "method": "long-baseline: census_manifest epoch 2026-07-07T00:19:23Z (2,336,000) -> mint_progress now (2,396,098) over 64.8h | published=85% of measured raw_rate=0.2574 | source=_mint_progress.json | reconciled",
 "sig": "unsigned:e882c9664fb5b17bf5ecbc2e"
}