{
 "baseline_count": 2406098,
 "baseline_ts": 1783618149.1062438,
 "rate_per_sec": 0.254,
 "verified_actual_count": 2406098,
 "last_reconcile_ts": 1783618149.1228335,
 "method": "long-baseline: census_manifest epoch 2026-07-07T00:19:23Z (2,336,000) -> mint_progress now (2,406,098) over 65.2h | published=85% of measured raw_rate=0.2988 | source=LIVE rhinogent.com/census_manifest.json | reconciled",
 "sig": "unsigned:74fca9f0198628cbff1b2cca"
}