{
 "baseline_count": 2415963,
 "baseline_ts": 1783623560.3539681,
 "rate_per_sec": 0.2938,
 "verified_actual_count": 2415963,
 "last_reconcile_ts": 1783623560.371857,
 "method": "long-baseline: census_manifest epoch 2026-07-07T00:19:23Z (2,336,000) -> mint_progress now (2,418,963) over 66.7h | published=85% of measured raw_rate=0.3457 | source=LIVE rhinogent.com/census_manifest.json | reconciled",
 "sig": "unsigned:b3c0a384633df361cfcd42ee"
}